0;162;
0;162;
0;162;
0;162;
0;162;
0;162;
0;162;
0;162;
0;162;
0;162;
0;162;
0;162;
0;162;
0;162;
0;162;
0;162;
0;162;
0;162;
0;162;
0;162;
0;162;
0;162;
0;162;
0;162;
0;162;
0;162;
0;162;
0;162;
0;162;
0;162;
0;162;
0;162;
0;162;
0;162;
0;162;
0;162;
0;162;
0;162;
0;162;
0;162;
0;162;
0;162;
0;162;
0;162;
1;164;
1;164;
1;164;
1;164;
1;164;
1;164;
1;164;
1;164;
1;164;
1;164;
1;164;
1;164;
1;164;
1;164;
1;164;
1;164;
1;164;
1;164;
1;164;
1;164;
1;164;
1;164;
1;164;
1;164;
1;164;
1;164;
1;164;
1;164;
1;164;
1;164;
1;164;
1;164;
1;164;
1;164;
1;164;
1;164;
1;164;
1;164;
1;164;
1;164;
1;164;
1;164;
1;164;
1;164;
1;164;
2;166;
2;166;
2;166;
2;166;
2;166;
2;166;
2;166;
2;166;
2;166;
2;166;
2;166;
2;166;
2;166;
2;166;
2;166;
2;166;
2;166;
2;166;
2;166;
2;166;
2;166;
2;166;
2;166;
2;166;
2;166;
2;166;
2;166;
2;166;
2;166;
2;166;
2;166;
2;166;
2;166;
2;166;
2;166;
2;166;
2;166;
2;166;
2;166;
2;166;
2;166;
2;166;
2;166;
2;166;
2;166;
2;166;
2;166;
2;166;
2;166;
2;166;
2;166;
2;166;
2;166;
2;166;
2;166;
2;166;
2;166;
2;166;
2;166;
2;166;
2;166;
2;166;
2;166;
2;166;
2;166;
2;166;
2;166;
2;166;
2;166;
2;166;
2;166;
6;175;
6;175;
6;175;
6;175;
6;175;
6;175;
6;175;
6;175;
6;175;
6;175;
6;175;
6;175;
8;180;
8;180;
8;180;
8;180;
8;180;
8;180;
8;180;
8;180;
8;180;
8;180;
8;180;
8;180;
8;180;
8;180;
8;180;
8;180;
8;180;
8;182;
8;180;
8;180;
8;182;
8;182;
8;182;
8;182;
8;182;
8;182;
8;182;
8;182;
8;182;
8;182;
9;184;
8;182;
9;184;
9;184;
9;184;
9;184;
9;184;
9;184;
9;184;
9;184;
9;184;
9;184;
10;184;
9;184;
9;184;
10;184;
10;184;
10;184;
10;184;
10;184;
10;184;
10;184;
10;184;
10;184;
10;184;
10;184;
10;184;
10;184;
10;184;
10;184;
10;184;
10;184;
10;184;
10;184;
10;184;
10;184;
10;184;
10;184;
10;184;
10;184;
10;184;
10;184;
10;184;
10;184;
10;184;
10;184;
10;184;
13;190;
13;190;
14;192;
14;192;
10;184;
14;192;
11;186;
11;186;
11;186;
11;186;
11;186;
11;186;
11;186;
11;186;
11;186;
11;186;
11;186;
10;184;
10;184;
10;184;
10;184;
10;185;
10;184;
10;184;
10;184;
10;184;
10;185;
10;185;
10;184;
10;184;
10;184;
10;184;
10;184;
10;184;
10;184;
10;184;
10;184;
10;184;
10;184;
10;184;
10;184;
10;184;
10;184;
10;184;
10;184;
10;184;
10;184;
10;184;
10;184;
10;184;
10;184;
10;184;
10;184;
10;184;
10;184;
10;184;
10;184;
10;184;
10;184;
10;184;
10;184;
10;184;
10;184;
16;196;
10;184;
10;184;
10;185;
10;184;
10;184;
10;184;
11;188;
11;188;
11;188;
11;188;
11;188;
11;188;
11;188;
11;188;
17;198;
11;188;
11;188;
11;188;
11;188;
11;188;
12;190;
11;188;
11;188;
11;188;
11;188;
11;188;
11;188;
11;188;
11;188;
11;188;
11;188;
11;188;
11;188;
11;188;
11;188;
11;188;
11;188;
11;188;
11;188;
12;190;
11;188;
11;188;
11;188;
12;190;
12;190;
12;190;
13;192;
12;190;
12;190;
13;192;
13;192;
12;190;
12;190;
12;190;
18;201;
12;190;
12;190;
12;190;
13;192;
12;190;
12;190;
19;203;
18;200;
18;200;
18;200;
18;200;
12;191;
13;192;
13;192;
13;192;
13;192;
13;192;
13;192;
13;192;
13;192;
13;192;
21;207;
21;207;
21;207;
13;192;
13;192;
13;192;
13;192;
13;192;
13;192;
13;192;
19;203;
21;208;
13;192;
21;208;
13;192;
13;192;
21;208;
21;208;
21;208;
13;192;
21;208;
14;194;
21;208;
21;208;
21;208;
13;195;
21;208;
13;195;
13;195;
21;208;
13;195;
13;195;
13;195;
21;208;
22;209;
22;209;
22;209;
22;209;
22;209;
22;209;
22;209;
15;196;
16;198;
22;209;
22;209;
22;209;
22;209;
22;209;
22;210;
22;209;
22;209;
16;198;
16;198;
16;198;
16;198;
21;208;
16;198;
15;197;
16;198;
16;198;
16;198;
16;198;
15;197;
16;198;
16;198;
16;198;
15;197;
16;198;
16;198;
16;198;
16;198;
16;198;
17;200;
17;200;
15;197;
16;198;
16;198;
17;200;
16;198;
17;200;
17;200;
26;218;
16;198;
26;218;
18;202;
17;200;
16;198;
16;198;
16;198;
16;198;
16;198;
17;200;
17;200;
17;201;
19;204;
19;204;
19;204;
17;201;
19;204;
16;198;
19;204;
16;198;
17;201;
17;200;
19;204;
19;204;
19;204;
19;204;
19;204;
19;204;
20;206;
20;206;
20;206;
20;206;
20;206;
20;206;
20;206;
20;206;
20;206;
20;206;
20;206;
20;206;
19;204;
21;208;
20;207;
21;208;
20;206;
20;206;
22;210;
22;210;
20;207;
20;208;
16;198;
16;198;
21;211;
20;206;
20;206;
16;200;
16;200;
19;204;
21;208;
21;208;
21;208;
18;206;
16;198;
28;222;
18;206;
28;222;
28;222;
19;205;
21;212;
20;206;
17;203;
21;209;
18;204;
20;209;
14;199;
20;209;
21;208;
21;208;
27;220;
18;204;
17;201;
17;202;
17;202;
20;207;
17;202;
17;202;
17;202;
20;207;
17;202;
17;202;
17;202;
20;207;
17;202;
17;202;
17;202;
19;205;
18;204;
19;205;
17;202;
17;202;
17;202;
17;202;
18;204;
17;202;
17;203;
17;203;
17;203;
17;203;
17;203;
17;203;
17;203;
17;203;
17;203;
20;208;
17;203;
17;202;
18;205;
18;205;
18;205;
18;205;
18;205;
18;205;
18;205;
17;202;
18;205;
23;214;
19;207;
19;208;
19;208;
19;208;
19;208;
23;215;
19;208;
19;208;
19;208;
21;211;
19;208;
18;204;
23;214;
19;208;
20;209;
19;208;
19;208;
22;212;
20;208;
22;213;
20;209;
20;209;
21;210;
20;208;
19;208;
19;208;
19;208;
19;208;
19;208;
19;208;
19;208;
19;208;
19;208;
19;208;
19;208;
20;208;
19;208;
23;214;
20;208;
19;206;
21;210;
21;210;
21;210;
21;210;
21;210;
21;210;
21;210;
21;210;
23;214;
23;214;
21;210;
23;214;
21;210;
20;209;
24;216;
24;217;
19;206;
22;212;
24;217;
22;212;
19;206;
24;217;
21;210;
23;214;
19;206;
19;206;
21;210;
18;204;
23;216;
24;217;
19;206;
19;206;
20;208;
20;208;
19;206;
19;206;
19;206;
19;206;
19;206;
19;206;
20;208;
19;206;
19;207;
20;208;
19;207;
19;207;
23;216;
25;219;
19;207;
19;206;
19;206;
21;212;
19;206;
19;206;
19;206;
26;220;
26;220;
26;220;
19;206;
26;220;
19;206;
24;217;
21;210;
21;210;
21;210;
20;208;
21;210;
20;209;
19;207;
20;209;
19;207;
20;209;
23;215;
21;211;
20;209;
21;211;
26;221;
21;211;
21;211;
21;211;
21;211;
21;211;
21;211;
21;211;
21;211;
28;224;
21;211;
21;211;
21;211;
21;210;
21;210;
21;210;
21;210;
21;210;
21;210;
21;210;
21;210;
21;210;
21;210;
21;210;
21;210;
21;210;
21;210;
21;210;
19;209;
21;210;
23;215;
21;210;
19;209;
19;208;
21;210;
23;214;
25;219;
37;242;
20;211;
19;208;
21;210;
21;210;
21;210;
21;210;
21;210;
21;210;
21;210;
36;240;
21;211;
21;210;
24;216;
21;210;
21;210;
28;224;
21;211;
21;211;
36;240;
22;213;
19;208;
21;212;
24;218;
36;240;
20;211;
29;226;
20;212;
20;212;
20;212;
25;218;
25;220;
22;213;
25;218;
20;212;
20;212;
27;222;
36;242;
33;234;
27;223;
23;215;
29;226;
29;226;
29;226;
23;215;
26;220;
19;209;
19;209;
19;209;
20;212;
19;209;
26;220;
19;209;
19;209;
19;209;
19;209;
19;209;
19;209;
19;209;
19;209;
19;209;
19;209;
19;209;
19;209;
27;224;
27;223;
27;223;
22;214;
34;236;
22;214;
22;214;
27;223;
22;214;
22;215;
22;214;
22;215;
35;238;
34;236;
36;240;
22;214;
35;238;
36;240;
22;215;
35;238;
23;216;
26;224;
22;216;
26;224;
34;236;
23;216;
27;226;
27;226;
33;235;
27;226;
26;224;
36;240;
23;215;
27;226;
29;229;
33;235;
27;226;
27;226;
25;223;
25;223;
36;240;
33;235;
22;214;
22;214;
33;235;
33;234;
36;240;
24;217;
36;240;
22;214;
26;220;
36;241;
37;242;
42;253;
20;212;
20;212;
37;242;
20;212;
24;217;
20;212;
39;246;
40;250;
20;212;
41;250;
39;246;
39;246;
41;252;
40;248;
39;246;
21;214;
39;246;
37;242;
37;242;
40;248;
21;214;
21;214;
38;244;
41;252;
27;226;
35;240;
20;211;
21;214;
40;248;
27;226;
41;250;
33;234;
40;248;
38;244;
40;250;
40;248;
38;244;
37;242;
39;246;
39;246;
39;246;
37;242;
37;242;
39;246;
41;250;
41;250;
39;246;
37;242;
41;250;
39;246;
41;250;
40;249;
37;242;
28;224;
39;246;
38;244;
37;242;
37;242;
31;230;
31;230;
32;232;
32;232;
32;232;
39;247;
44;258;
32;232;
32;232;
32;232;
32;232;
38;244;
32;232;
32;232;
32;232;
32;232;
32;232;
32;233;
32;232;
32;233;
32;233;
33;234;
33;234;
33;234;
33;234;
33;234;
33;234;
33;234;
44;258;
32;232;
28;230;
34;236;
34;236;
34;236;
34;236;
34;236;
34;236;
34;236;
34;236;
34;236;
35;238;
35;238;
44;258;
35;238;
35;238;
35;238;
35;238;
35;238;
35;238;
35;238;
35;238;
35;238;
35;238;
33;235;
35;238;
35;238;
35;238;
35;238;
35;238;
35;238;
35;238;
33;235;
33;235;
33;235;
35;238;
35;238;
33;235;
33;235;
35;238;
35;238;
35;238;
35;238;
35;238;
35;238;
35;238;
32;234;
42;254;
35;238;
35;238;
35;238;
35;238;
35;238;
35;238;
33;235;
44;258;
33;235;
32;234;
35;238;
44;258;
35;238;
35;238;
35;238;
33;235;
36;242;
46;263;
35;238;
35;238;
35;238;
35;238;
35;238;
35;238;
35;238;
35;238;
35;238;
35;238;
35;238;
35;238;
35;238;
35;238;
35;238;
35;238;
35;238;
35;238;
35;238;
35;238;
35;238;
35;238;
35;238;
35;238;
35;238;
35;238;
35;238;
35;238;
35;238;
35;238;
35;238;
35;238;
35;238;
43;256;
35;238;
35;238;
35;238;
35;238;
35;238;
34;239;
34;239;
34;239;
34;239;
34;239;
34;239;
34;239;
34;239;
34;239;
34;239;
34;239;
34;239;
34;239;
34;239;
34;239;
34;239;
34;239;
34;239;
34;239;
34;239;
34;239;
34;239;
34;239;
34;239;
34;239;
34;239;
34;239;
34;239;
34;239;
34;239;
34;239;
34;239;
34;239;
34;239;
34;239;
34;239;
34;239;
34;239;
34;239;
34;239;
34;239;
34;239;
34;239;
34;239;
34;239;
34;239;
34;239;
34;239;
34;239;
34;239;
34;239;
34;239;
34;239;
34;239;
34;239;
34;239;
34;239;
34;239;
34;239;
34;239;
34;239;
34;239;
34;239;
34;239;
34;239;
34;239;
34;239;
34;239;
34;239;
34;239;
34;240;
34;239;
34;239;
34;239;
34;239;
34;239;
34;239;
34;239;
34;239;
34;239;
34;239;
34;239;
34;239;
34;239;
34;240;
34;240;
34;240;
34;239;
34;239;
34;240;
34;240;
34;240;
34;240;
34;240;
34;240;
34;240;
34;240;
34;240;
34;240;
34;240;
34;240;
34;240;
34;240;
34;240;
34;240;
34;240;
34;240;
34;240;
34;240;
34;240;
34;240;
34;240;
34;240;
34;240;
34;240;
34;240;
34;240;
34;240;
34;240;
34;240;
34;240;
34;240;
34;240;
34;240;
34;240;
34;240;
34;240;
34;240;
34;240;
34;240;
34;240;
34;240;
34;240;
34;240;
34;240;
34;240;
34;240;
34;240;
34;240;
34;240;
34;240;
34;240;
34;240;
34;240;
34;240;
34;240;
34;240;
34;240;
34;240;
34;240;
34;240;
34;240;
34;240;
34;240;
34;240;
34;240;
34;240;
34;240;
34;240;
34;240;
34;240;
34;240;
34;240;
34;240;
34;240;
34;240;
34;240;
34;240;
34;240;
34;240;
34;240;
34;240;
34;240;
34;240;
34;241;
34;240;
34;241;
34;241;
34;241;
34;241;
34;241;
34;241;
34;241;
34;241;
34;241;
34;241;
34;241;
34;241;
34;241;
34;241;
34;241;
34;241;
34;241;
34;241;
34;241;
34;241;
34;241;
34;241;
34;241;
34;241;
34;241;
34;241;
34;241;
34;241;
36;245;
34;241;
36;245;
36;245;
36;245;
36;245;
36;245;
36;245;
36;245;
36;245;
36;245;
36;245;
36;245;
36;245;
36;245;
36;245;
36;245;
36;245;
36;245;
36;245;
36;245;
36;245;
36;245;
36;245;
36;245;
40;252;
40;252;
40;252;
40;252;
40;252;
40;252;
40;252;
40;252;
40;252;
40;252;
40;252;
40;252;
40;252;
40;252;
40;252;
40;252;
40;252;
40;252;
40;252;
40;252;
40;252;
40;252;
40;252;
40;252;
40;252;
40;252;
40;252;
40;252;
40;252;
40;252;
40;252;
40;252;
40;252;
40;252;
40;252;
40;252;
40;252;
40;252;
40;252;
40;252;
40;252;
40;252;
40;252;
40;252;
40;252;
40;252;
40;252;
40;252;
40;252;
39;250;
40;252;
40;252;
40;252;
40;252;
40;252;
40;252;
40;252;
40;252;
39;250;
39;250;
39;250;
39;250;
39;250;
41;254;
41;254;
41;254;
41;254;
41;254;
41;254;
41;254;
41;254;
41;254;
41;254;
41;254;
41;254;
41;254;
41;254;
41;254;
41;254;
41;254;
41;254;
41;254;
41;254;
41;254;
41;254;
50;273;
51;275;
41;254;
51;276;
41;255;
41;255;
51;276;
51;276;
41;255;
51;276;
41;255;
41;255;
52;278;
52;278;
51;276;
51;276;
52;278;
41;255;
52;278;
52;278;
52;278;
52;278;
52;278;
42;257;
41;255;
41;255;
41;255;
42;257;
42;257;
57;288;
41;255;
41;255;
41;255;
41;255;
41;255;
41;255;
41;255;
41;255;
41;255;
41;255;
41;255;
41;255;
41;255;
41;255;
41;255;
41;255;
41;255;
41;255;
41;255;
41;255;
41;255;
41;255;
41;255;
42;257;
41;255;
42;257;
42;257;
42;257;
42;257;
42;257;
42;257;
42;257;
43;259;
43;259;
43;259;
55;284;
43;259;
42;257;
43;259;
43;259;
43;259;
43;259;
43;259;
43;259;
53;279;
43;259;
43;259;
43;259;
43;259;
43;259;
43;259;
51;276;
54;281;
43;259;
43;259;
43;259;
54;281;
54;281;
43;259;
43;259;
43;259;
43;259;
43;259;
44;261;
54;281;
54;281;
54;281;
54;281;
54;281;
54;281;
54;281;
52;279;
52;278;
52;278;
52;278;
52;278;
52;278;
52;278;
52;278;
52;278;
52;278;
52;278;
52;278;
54;282;
52;278;
58;290;
56;288;
56;286;
53;280;
52;278;
58;290;
53;280;
55;286;
52;279;
52;279;
44;261;
56;287;
52;279;
44;261;
44;261;
44;261;
44;261;
44;261;
44;261;
44;261;
44;261;
44;261;
44;261;
44;261;
44;261;
44;261;
44;261;
44;261;
44;261;
44;261;
44;261;
44;261;
44;261;
59;293;
44;261;
44;261;
44;261;
55;285;
55;285;
56;288;
56;288;
58;291;
56;288;
54;283;
57;289;
59;293;
59;293;
53;280;
53;280;
56;287;
56;288;
58;291;
59;293;
56;289;
58;292;
58;292;
58;292;
56;288;
58;292;
58;292;
56;288;
58;292;
58;292;
61;297;
57;291;
60;295;
60;295;
59;294;
59;293;
59;294;
58;292;
56;287;
59;294;
56;287;
59;294;
55;284;
59;294;
59;293;
59;293;
59;294;
59;294;
61;297;
54;286;
58;291;
59;293;
59;293;
58;293;
55;287;
58;294;
60;295;
60;295;
55;286;
59;294;
59;296;
54;284;
60;296;
60;296;
60;295;
57;290;
57;290;
55;286;
59;293;
55;286;
57;289;
61;299;
61;297;
55;286;
60;295;
60;295;
59;294;
61;300;
60;295;
58;294;
57;290;
57;290;
60;296;
61;297;
57;290;
57;290;
57;290;
57;290;
57;292;
59;295;
61;297;
61;297;
57;292;
57;292;
57;292;
57;292;
57;292;
57;292;
57;292;
57;292;
57;292;
57;292;
57;292;
57;292;
57;292;
57;292;
57;292;
57;292;
57;293;
57;292;
57;293;
57;292;
57;291;
57;292;
57;292;
57;292;
57;292;
57;292;
57;292;
57;292;
57;292;
57;292;
57;292;
57;292;
57;292;
57;292;
57;292;
57;292;
57;292;
57;292;
57;292;
57;292;
57;292;
57;292;
57;292;
57;292;
57;292;
57;292;
57;292;
57;292;
57;292;
57;292;
57;292;
57;292;
57;292;
57;292;
57;292;
57;293;
57;293;
57;293;
57;292;
57;293;
57;293;
57;293;
57;292;
57;292;
57;292;
57;292;
59;295;
57;292;
57;292;
59;294;
61;300;
61;301;
60;297;
64;304;
56;287;
62;301;
64;307;
64;307;
68;311;
68;311;
67;315;
66;308;
68;311;
68;311;
61;302;
62;300;
68;311;
61;298;
66;308;
61;298;
61;298;
61;298;
61;298;
61;298;
65;309;
65;306;
61;298;
61;298;
65;306;
68;317;
65;306;
65;305;
65;306;
65;306;
65;306;
65;306;
65;306;
65;306;
66;308;
68;311;
61;300;
58;292;
66;308;
63;301;
59;294;
67;310;
69;314;
58;293;
69;314;
69;314;
69;314;
70;316;
64;309;
64;309;
58;293;
69;314;
69;314;
68;311;
69;314;
69;314;
69;314;
67;310;
69;314;
69;314;
69;315;
69;315;
71;317;
62;305;
62;305;
68;312;
69;313;
71;318;
69;313;
64;306;
62;305;
69;315;
69;313;
60;296;
60;296;
69;313;
66;308;
62;305;
62;305;
62;305;
62;305;
64;310;
64;309;
63;303;
60;296;
60;296;
69;315;
66;311;
63;304;
70;316;
70;316;
69;315;
69;315;
69;315;
69;315;
69;315;
69;315;
69;315;
69;315;
69;314;
69;315;
70;317;
69;314;
69;314;
59;295;
67;311;
68;312;
64;305;
59;295;
69;314;
69;314;
67;313;
69;314;
69;314;
68;313;
69;314;
69;314;
69;314;
63;303;
63;303;
63;303;
63;303;
63;303;
70;315;
65;311;
63;303;
63;303;
63;303;
63;303;
63;303;
63;303;
63;303;
69;315;
63;303;
63;303;
66;314;
66;314;
66;314;
66;314;
66;314;
66;314;
66;314;
66;314;
66;314;
66;314;
66;314;
66;314;
66;314;
66;314;
66;314;
69;313;
71;318;
67;312;
72;321;
71;319;
67;313;
68;314;
69;313;
67;313;
73;324;
67;313;
68;318;
68;318;
68;318;
68;318;
68;318;
68;318;
68;318;
68;318;
68;318;
68;318;
68;318;
68;318;
68;318;
68;318;
68;318;
68;318;
68;318;
68;318;
68;318;
68;319;
68;319;
68;319;
68;319;
68;319;
68;319;
68;319;
68;319;
68;315;
68;319;
68;319;
68;319;
68;319;
68;319;
68;319;
68;319;
68;319;
68;319;
68;319;
68;319;
68;318;
69;315;
69;315;
68;318;
68;318;
68;318;
68;318;
68;318;
68;318;
68;318;
68;318;
68;318;
68;318;
68;318;
68;318;
68;318;
68;318;
68;318;
68;319;
68;318;
68;318;
68;318;
68;319;
68;318;
68;318;
68;318;
68;318;
74;325;
68;318;
68;318;
68;318;
68;318;
68;318;
68;318;
68;318;
68;318;
68;318;
68;318;
68;318;
68;318;
68;318;
68;318;
68;318;
68;318;
68;318;
68;318;
68;318;
68;318;
68;318;
68;318;
68;318;
68;318;
71;317;
74;327;
75;328;
71;321;
75;328;
76;331;
76;331;
71;318;
74;326;
72;323;
75;327;
71;318;
71;318;
80;337;
75;327;
75;327;
75;327;
76;328;
79;334;
82;342;
79;334;
76;329;
77;331;
73;322;
73;322;
79;334;
79;334;
71;318;
71;318;
77;332;
77;332;
71;318;
77;332;
79;335;
71;318;
80;337;
75;327;
77;333;
80;337;
75;328;
73;323;
73;323;
70;319;
72;322;
70;319;
70;319;
72;323;
75;331;
75;331;
84;347;
77;337;
70;319;
74;327;
75;331;
70;319;
67;313;
78;337;
84;346;
78;335;
82;342;
78;335;
75;328;
74;325;
76;331;
80;336;
78;335;
77;332;
77;332;
77;332;
77;332;
77;332;
80;337;
73;324;
73;324;
77;332;
73;324;
73;324;
73;324;
73;324;
73;324;
73;324;
73;324;
73;324;
73;324;
73;324;
73;324;
73;324;
73;324;
73;324;
79;337;
73;324;
73;324;
71;319;
73;323;
79;337;
78;334;
79;337;
70;318;
80;336;
71;319;
79;337;
80;336;
70;317;
70;317;
70;317;
79;337;
84;347;
79;337;
71;319;
79;337;
76;331;
76;331;
83;346;
66;313;
82;342;
66;313;
66;313;
82;342;
77;333;
66;313;
71;319;
66;313;
66;313;
83;346;
66;313;
66;313;
66;313;
76;332;
66;313;
69;324;
70;318;
66;313;
66;313;
66;319;
86;351;
86;351;
78;334;
66;319;
68;317;
68;317;
73;323;
68;317;
68;317;
68;317;
66;313;
76;333;
76;330;
66;313;
66;313;
66;313;
68;317;
66;313;
66;313;
66;313;
66;313;
66;313;
66;313;
66;313;
66;313;
66;313;
66;313;
66;313;
66;313;
66;313;
66;313;
66;313;
66;314;
66;313;
66;314;
66;314;
66;314;
66;314;
66;314;
66;314;
66;314;
66;314;
66;314;
67;316;
66;314;
66;313;
66;313;
78;333;
67;316;
67;316;
78;333;
68;318;
68;318;
66;313;
68;318;
68;318;
68;320;
68;318;
68;318;
68;318;
66;313;
67;316;
66;313;
66;313;
66;313;
67;317;
67;316;
66;313;
68;318;
68;318;
68;318;
66;313;
66;313;
68;318;
68;318;
68;318;
68;318;
68;318;
68;318;
68;319;
68;318;
70;322;
67;316;
68;318;
70;322;
68;319;
67;316;
67;316;
67;316;
67;316;
68;319;
67;316;
67;316;
70;323;
67;316;
67;316;
67;316;
67;316;
67;316;
67;316;
67;316;
67;316;
67;316;
67;316;
74;328;
67;316;
67;316;
67;316;
67;316;
67;316;
67;316;
67;316;
67;316;
68;319;
68;319;
70;323;
67;317;
70;323;
71;325;
67;318;
70;323;
70;323;
71;325;
69;319;
67;317;
67;317;
71;325;
69;319;
69;319;
69;319;
70;321;
70;321;
67;316;
67;316;
69;319;
72;328;
67;318;
70;323;
72;327;
72;327;
69;319;
69;319;
69;319;
69;319;
69;319;
69;319;
69;319;
69;319;
67;319;
67;319;
70;323;
69;321;
69;319;
70;323;
70;321;
69;321;
70;321;
70;321;
70;321;
69;320;
69;320;
69;320;
69;320;
69;320;
68;320;
69;320;
69;320;
69;320;
69;320;
67;315;
69;320;
69;320;
67;315;
69;320;
69;320;
69;320;
69;320;
69;320;
69;320;
69;320;
69;320;
69;320;
69;320;
69;320;
69;320;
69;320;
71;326;
69;320;
69;320;
69;320;
69;320;
69;320;
69;320;
69;320;
69;320;
69;320;
69;320;
69;320;
69;320;
69;320;
69;320;
69;320;
69;320;
69;320;
69;320;
69;320;
69;320;
69;320;
69;320;
69;320;
68;318;
68;318;
68;318;
68;318;
68;318;
69;320;
69;320;
69;321;
68;318;
69;321;
70;322;
70;322;
69;321;
69;321;
69;321;
68;318;
70;322;
70;322;
70;323;
69;320;
70;323;
70;323;
70;323;
70;322;
70;323;
71;325;
70;322;
70;322;
70;322;
70;322;
70;322;
70;322;
70;322;
70;323;
70;322;
70;322;
70;322;
70;322;
70;322;
70;322;
70;322;
70;322;
70;322;
70;323;
70;323;
70;323;
70;323;
70;323;
70;323;
70;323;
70;323;
70;323;
70;323;
70;323;
70;323;
70;323;
70;323;
70;323;
70;323;
70;323;
70;323;
70;323;
70;323;
87;356;
88;358;
88;358;
88;358;
87;356;
88;358;
88;358;
87;356;
73;332;
87;356;
87;356;
87;356;
71;325;
71;325;
70;323;
76;338;
88;358;
88;358;
88;358;
88;358;
88;358;
88;358;
88;358;
71;327;
88;358;
75;334;
71;325;
71;325;
71;325;
71;325;
71;325;
71;327;
71;327;
71;327;
71;327;
71;327;
72;327;
72;327;
72;327;
72;327;
71;327;
71;327;
71;327;
71;327;
71;327;
71;327;
72;327;
72;327;
71;327;
71;327;
73;329;
72;329;
91;366;
74;333;
91;366;
71;327;
91;366;
71;327;
71;327;
90;362;
90;362;
90;362;
90;362;
90;362;
90;362;
90;362;
90;362;
90;362;
90;362;
90;362;
90;362;
90;362;
90;362;
90;362;
90;362;
90;362;
90;362;
90;362;
90;362;
90;362;
90;362;
90;362;
90;362;
90;362;
90;362;
90;362;
90;362;
72;329;
90;362;
90;362;
90;362;
90;362;
90;362;
90;362;
90;362;
90;362;
90;362;
90;362;
72;329;
90;362;
91;364;
91;364;
72;329;
90;362;
76;337;
72;329;
90;362;
90;362;
90;362;
90;362;
90;362;
73;331;
90;362;
90;362;
90;362;
90;362;
90;362;
90;362;
90;362;
90;362;
90;362;
90;362;
90;362;
90;362;
90;362;
90;362;
90;362;
90;362;
90;362;
90;362;
90;362;
90;362;
90;362;
90;362;
92;367;
74;331;
92;367;
90;362;
74;333;
90;362;
90;362;
90;362;
90;362;
74;333;
74;333;
90;362;
90;362;
91;364;
91;364;
90;362;
90;362;
90;362;
91;364;
90;362;
90;362;
90;362;
90;362;
90;362;
90;362;
90;362;
90;362;
90;362;
74;331;
74;331;
74;331;
74;331;
75;333;
74;331;
90;362;
74;331;
74;331;
74;331;
74;331;
74;331;
74;331;
74;331;
74;331;
74;331;
74;331;
76;338;
76;338;
76;338;
76;338;
76;338;
74;331;
76;338;
76;338;
74;331;
74;331;
74;331;
74;331;
74;331;
74;331;
74;331;
74;331;
74;331;
74;331;
74;331;
74;331;
74;331;
74;331;
74;331;
74;331;
74;331;
74;331;
74;331;
74;331;
74;331;
74;331;
74;331;
74;331;
74;331;
74;331;
74;331;
74;331;
74;331;
74;331;
74;331;
74;331;
74;331;
74;331;
74;331;
74;331;
74;331;
76;338;
74;331;
74;331;
74;331;
74;331;
74;331;
74;331;
74;331;
74;331;
74;331;
74;331;
74;331;
74;331;
74;331;
76;335;
74;331;
76;335;
76;335;
76;335;
76;335;
75;333;
76;335;
75;334;
76;335;
76;335;
76;335;
75;333;
75;333;
76;335;
76;335;
77;337;
76;335;
76;335;
76;336;
75;333;
75;333;
76;335;
76;336;
76;336;
77;337;
75;333;
75;333;
75;333;
76;335;
78;341;
76;335;
75;333;
76;338;
75;333;
75;333;
75;333;
76;335;
76;335;
76;335;
75;334;
76;335;
75;334;
75;333;
75;333;
75;333;
75;333;
75;333;
75;333;
76;335;
76;335;
76;335;
76;335;
76;335;
76;335;
76;335;
76;335;
76;335;
76;335;
77;337;
76;335;
76;335;
76;335;
76;335;
76;335;
76;335;
76;335;
76;335;
76;335;
76;335;
76;335;
76;336;
76;335;
76;336;
76;336;
76;336;
76;336;
76;336;
76;336;
76;336;
77;337;
76;336;
77;337;
76;336;
76;336;
76;335;
76;335;
76;336;
76;336;
76;336;
76;336;
76;336;
76;336;
76;336;
76;336;
81;345;
76;336;
76;336;
76;336;
76;336;
76;336;
81;345;
78;346;
77;338;
81;345;
81;345;
77;338;
76;336;
76;336;
76;336;
76;336;
76;336;
76;336;
76;336;
76;336;
77;338;
77;338;
77;338;
77;338;
77;338;
78;340;
79;344;
76;336;
79;342;
77;338;
76;336;
79;342;
77;338;
77;338;
77;338;
77;338;
77;338;
77;338;
78;341;
78;341;
77;338;
77;338;
77;338;
77;338;
77;338;
77;338;
77;338;
77;338;
77;338;
77;338;
77;338;
77;338;
77;338;
77;338;
77;338;
77;338;
77;338;
77;338;
77;338;
77;338;
77;338;
77;338;
77;338;
77;338;
77;338;
77;338;
77;338;
80;347;
77;338;
77;338;
77;338;
80;344;
77;338;
80;344;
80;344;
80;344;
80;344;
80;344;
80;344;
80;344;
80;344;
80;344;
80;344;
80;344;
80;344;
80;344;
80;344;
80;344;
80;344;
80;344;
80;344;
80;344;
80;344;
80;344;
80;344;
80;344;
81;346;
80;344;
80;344;
80;344;
80;344;
80;344;
80;344;
80;344;
80;344;
80;344;
80;344;
80;344;
80;344;
80;344;
80;344;
82;348;
82;348;
82;348;
82;348;
82;348;
82;348;
82;348;
82;348;
83;352;
82;348;
82;348;
82;348;
82;348;
82;348;
82;348;
82;348;
82;348;
82;348;
82;348;
82;348;
82;348;
82;348;
82;348;
82;348;
82;348;
82;348;
82;348;
82;348;
82;348;
82;348;
82;348;
82;348;
82;348;
82;348;
82;348;
82;348;
82;348;
82;348;
82;348;
82;348;
82;348;
82;348;
82;348;
82;348;
82;348;
82;348;
82;348;
82;348;
82;357;
82;348;
82;348;
82;348;
82;348;
82;348;
82;348;
82;348;
82;348;
82;348;
82;348;
82;348;
82;348;
82;348;
83;350;
80;345;
82;350;
82;348;
82;348;
82;348;
82;348;
82;348;
82;348;
82;348;
82;348;
82;348;
82;348;
82;348;
82;348;
82;348;
82;348;
82;348;
82;348;
82;348;
82;348;
82;348;
82;348;
82;348;
82;348;
82;348;
82;351;
82;348;
83;354;
83;354;
83;354;
83;354;
83;350;
83;354;
83;350;
83;351;
83;350;
83;351;
84;353;
84;353;
84;353;
83;351;
83;351;
83;351;
83;351;
83;351;
83;351;
83;351;
83;351;
84;353;
84;353;
84;353;
83;351;
84;353;
84;353;
83;351;
83;351;
83;351;
83;351;
83;352;
83;351;
83;351;
83;351;
83;351;
84;353;
84;353;
83;351;
84;353;
84;353;
84;353;
84;353;
83;351;
82;348;
84;353;
84;353;
82;348;
84;353;
84;353;
84;353;
84;353;
84;353;
84;353;
84;353;
84;353;
84;353;
84;353;
84;353;
84;353;
84;353;
84;353;
84;354;
84;353;
84;353;
84;353;
84;353;
84;353;
84;353;
84;353;
84;353;
84;353;
84;353;
84;353;
84;353;
84;353;
84;354;
84;355;
84;353;
84;353;
84;353;
84;353;
82;355;
84;353;
84;353;
84;354;
84;353;
84;353;
84;353;
84;353;
84;355;
84;355;
85;355;
85;355;
84;353;
81;357;
84;353;
84;353;
82;355;
87;364;
84;353;
87;364;
87;364;
87;364;
87;364;
87;364;
84;353;
84;353;
85;355;
85;355;
85;355;
84;353;
84;353;
89;368;
85;355;
84;353;
84;353;
87;360;
87;360;
87;360;
87;360;
87;360;
87;360;
87;360;
87;360;
87;360;
87;360;
87;360;
87;360;
87;360;
87;360;
87;360;
87;360;
87;360;
87;360;
87;360;
87;360;
87;360;
87;360;
87;360;
87;360;
87;360;
87;360;
87;360;
87;360;
87;360;
87;360;
87;360;
86;359;
89;363;
89;363;
82;354;
89;368;
89;368;
87;360;
87;360;
87;360;
87;365;
86;359;
86;359;
89;363;
85;355;
89;363;
86;359;
86;359;
86;359;
86;359;
81;357;
86;359;
86;359;
86;359;
86;359;
86;359;
86;359;
86;359;
86;359;
86;359;
86;359;
86;359;
86;359;
86;358;
86;359;
86;358;
86;358;
86;359;
86;359;
90;371;
86;359;
85;355;
87;361;
87;361;
87;361;
87;361;
87;361;
88;363;
87;361;
88;363;
88;363;
88;363;
88;363;
88;363;
87;361;
88;363;
88;363;
88;363;
88;363;
88;363;
88;363;
87;361;
87;361;
87;361;
88;363;
88;363;
88;363;
87;361;
88;363;
87;361;
87;361;
89;365;
87;361;
87;361;
87;361;
87;361;
87;361;
87;361;
89;365;
87;361;
87;361;
87;361;
87;361;
87;361;
86;357;
87;361;
87;361;
87;361;
89;365;
89;365;
88;363;
87;361;
88;363;
88;363;
88;363;
88;363;
87;361;
87;361;
87;361;
87;361;
88;364;
87;361;
87;361;
88;364;
88;364;
88;364;
88;364;
88;364;
88;364;
88;364;
88;364;
88;364;
88;364;
88;364;
88;364;
88;364;
88;364;
88;364;
88;364;
88;364;
88;364;
89;366;
88;364;
88;364;
88;364;
88;364;
88;364;
88;364;
88;364;
88;364;
88;364;
88;364;
88;364;
88;364;
89;366;
89;366;
88;364;
88;364;
88;364;
88;364;
88;364;
88;364;
89;365;
88;364;
88;364;
88;364;
88;364;
88;364;
88;364;
89;365;
88;364;
88;364;
89;366;
88;364;
89;366;
89;366;
88;364;
88;364;
87;364;
88;364;
88;364;
88;364;
88;364;
88;364;
88;364;
88;364;
88;364;
88;364;
88;364;
89;367;
88;364;
88;364;
89;366;
89;366;
92;371;
88;364;
89;366;
88;364;
88;364;
89;366;
89;366;
89;366;
88;364;
88;364;
89;366;
88;364;
88;364;
89;366;
89;366;
89;366;
88;364;
89;366;
88;364;
89;366;
89;366;
89;366;
89;366;
89;366;
88;364;
88;364;
88;364;
89;366;
88;365;
88;365;
89;366;
88;364;
89;366;
88;364;
89;366;
89;366;
89;366;
84;357;
89;366;
84;357;
84;357;
89;366;
88;364;
84;357;
91;370;
88;364;
88;364;
88;364;
88;364;
88;364;
88;364;
88;364;
88;364;
89;366;
88;364;
88;364;
88;364;
88;364;
89;366;
89;366;
89;366;
89;367;
89;366;
88;364;
89;367;
89;367;
89;367;
88;364;
88;364;
88;364;
89;367;
89;367;
89;367;
89;367;
89;367;
89;367;
89;367;
89;367;
89;367;
89;367;
89;367;
89;367;
89;367;
89;367;
89;367;
89;367;
90;377;
90;377;
90;377;
90;377;
90;377;
87;365;
92;373;
92;373;
89;366;
89;366;
89;366;
87;365;
91;371;
87;365;
87;365;
89;366;
90;368;
89;366;
90;368;
90;368;
90;368;
90;368;
91;371;
91;371;
90;369;
90;368;
91;371;
90;368;
92;373;
90;369;
89;366;
92;373;
92;373;
92;373;
92;373;
90;368;
92;373;
92;373;
92;373;
92;373;
92;373;
92;373;
92;373;
90;368;
92;373;
92;373;
92;373;
92;373;
92;373;
92;373;
90;369;
91;371;
93;375;
93;375;
93;375;
93;375;
92;372;
92;372;
92;372;
92;372;
92;372;
92;372;
92;373;
92;373;
91;370;
92;372;
92;372;
92;372;
92;372;
92;373;
93;375;
93;375;
93;375;
92;372;
92;372;
92;372;
92;372;
92;372;
93;374;
91;371;
91;371;
91;371;
92;373;
93;374;
93;374;
93;374;
91;371;
93;374;
92;372;
92;372;
92;372;
91;371;
92;372;
91;371;
93;374;
92;372;
92;372;
92;372;
91;383;
93;375;
92;372;
92;372;
92;372;
92;372;
92;372;
92;372;
92;372;
92;372;
92;372;
92;372;
92;372;
92;372;
92;372;
92;372;
92;374;
92;374;
97;383;
92;374;
92;374;
97;383;
92;374;
97;383;
92;374;
92;374;
92;374;
97;383;
92;374;
97;383;
92;374;
92;374;
92;374;
92;374;
92;374;
92;374;
92;374;
92;374;
92;374;
92;374;
92;374;
92;374;
92;374;
92;374;
92;374;
92;374;
92;377;
92;377;
92;377;
92;374;
92;374;
91;375;
91;375;
93;379;
92;377;
88;369;
92;377;
92;377;
92;377;
92;377;
92;377;
92;377;
94;390;
93;385;
92;377;
89;372;
91;384;
94;378;
94;378;
94;378;
94;378;
94;378;
92;377;
92;377;
92;377;
92;377;
93;385;
93;376;
93;379;
94;378;
94;378;
94;381;
94;381;
94;381;
94;378;
94;381;
90;374;
90;374;
90;374;
94;381;
94;381;
94;381;
90;374;
94;381;
95;382;
94;381;
94;381;
94;381;
94;381;
94;381;
94;381;
94;381;
89;372;
94;381;
95;383;
95;383;
95;383;
94;381;
94;381;
94;381;
89;372;
89;373;
89;372;
89;373;
94;381;
94;381;
89;373;
95;383;
92;380;
94;381;
94;381;
92;380;
91;377;
92;380;
92;380;
95;390;
92;380;
94;384;
91;377;
94;381;
94;382;
92;380;
92;380;
92;380;
92;380;
92;380;
92;380;
92;380;
96;392;
95;382;
92;380;
92;380;
92;380;
92;380;
92;380;
92;380;
92;380;
92;380;
92;380;
94;382;
92;380;
92;380;
92;380;
93;382;
92;380;
92;380;
89;373;
89;373;
89;373;
89;373;
89;373;
89;373;
89;373;
89;374;
89;374;
94;381;
89;373;
89;373;
94;381;
94;381;
94;381;
93;379;
95;384;
92;380;
94;381;
89;374;
95;384;
93;382;
93;382;
89;373;
94;381;
94;381;
94;381;
89;373;
94;381;
94;381;
94;381;
96;382;
94;381;
94;381;
99;390;
94;381;
94;381;
94;381;
94;381;
94;381;
94;381;
94;381;
94;384;
96;389;
96;382;
96;382;
94;381;
95;386;
94;381;
95;386;
94;381;
95;386;
94;381;
95;386;
95;386;
95;386;
95;386;
95;386;
95;386;
95;386;
95;386;
97;384;
95;386;
95;386;
95;386;
95;386;
95;386;
95;386;
93;382;
93;382;
95;386;
95;386;
93;382;
93;382;
95;386;
94;381;
94;381;
93;382;
91;377;
93;382;
95;386;
95;386;
95;386;
95;386;
95;386;
95;386;
95;386;
96;388;
95;386;
95;386;
95;386;
95;386;
95;386;
95;386;
95;386;
95;386;
95;387;
95;386;
95;386;
96;388;
96;388;
96;388;
96;388;
96;388;
96;388;
95;387;
95;387;
94;385;
96;388;
96;389;
96;388;
96;388;
96;388;
96;388;
96;388;
96;388;
97;390;
97;390;
97;390;
96;388;
97;390;
97;390;
97;390;
93;383;
95;387;
96;389;
101;398;
96;389;
96;389;
96;389;
96;389;
96;389;
96;389;
96;389;
96;389;
96;389;
96;389;
96;389;
96;389;
96;389;
96;389;
96;389;
96;389;
96;389;
96;389;
96;389;
96;389;
96;389;
97;391;
97;391;
97;391;
97;391;
97;391;
97;391;
97;391;
97;391;
96;389;
97;391;
96;389;
96;389;
97;391;
96;389;
97;391;
96;389;
94;385;
97;391;
96;389;
94;385;
94;385;
96;389;
96;389;
96;389;
98;393;
97;391;
97;391;
97;391;
96;389;
97;391;
97;391;
97;391;
97;391;
97;391;
96;389;
97;391;
96;389;
96;389;
96;389;
96;389;
98;393;
96;389;
96;389;
98;393;
98;393;
97;391;
98;393;
97;391;
104;405;
97;391;
97;391;
97;391;
97;391;
98;393;
97;389;
97;389;
97;389;
97;389;
97;389;
97;389;
97;389;
98;391;
97;389;
97;389;
97;389;
97;389;
99;395;
97;389;
97;389;
97;389;
97;389;
97;389;
97;389;
97;389;
97;389;
97;389;
97;389;
97;389;
97;389;
97;389;
97;389;
97;389;
100;397;
98;393;
97;389;
96;390;
97;389;
97;389;
100;397;
97;389;
98;393;
101;400;
101;400;
98;393;
102;401;
101;400;
99;397;
101;400;
101;400;
98;393;
101;400;
101;400;
98;393;
98;393;
105;409;
97;389;
102;401;
102;401;
105;409;
105;409;
102;401;
101;399;
105;409;
105;409;
101;399;
101;399;
101;399;
101;399;
101;399;
102;400;
101;399;
102;401;
101;399;
101;399;
102;402;
101;399;
101;399;
102;402;
101;399;
101;400;
102;402;
102;401;
101;399;
103;403;
102;401;
103;403;
103;403;
103;403;
108;415;
101;400;
102;401;
103;403;
103;403;
103;403;
103;403;
103;403;
104;405;
103;403;
101;400;
103;403;
103;403;
102;404;
102;403;
104;406;
98;395;
104;406;
102;404;
102;404;
102;401;
99;395;
101;399;
105;406;
105;406;
105;406;
105;406;
105;406;
104;404;
98;395;
105;406;
104;405;
105;410;
101;399;
100;398;
101;399;
101;399;
106;411;
106;411;
104;406;
106;411;
103;403;
106;412;
95;388;
102;404;
102;404;
104;406;
95;388;
95;388;
95;388;
104;406;
104;406;
104;406;
107;412;
101;400;
106;412;
102;404;
106;412;
102;404;
101;400;
107;414;
102;404;
102;404;
103;403;
103;403;
103;403;
103;403;
103;403;
103;403;
103;403;
103;403;
103;404;
107;411;
105;410;
105;410;
95;390;
102;404;
102;404;
102;404;
102;404;
105;410;
106;409;
106;409;
103;404;
103;404;
105;410;
103;404;
103;404;
103;404;
105;410;
105;410;
105;409;
105;409;
105;409;
103;404;
104;407;
104;407;
108;413;
108;413;
109;419;
107;415;
104;408;
105;410;
104;407;
104;407;
104;407;
110;417;
105;409;
105;409;
110;417;
110;417;
110;417;
110;417;
107;415;
105;410;
104;408;
108;416;
104;408;
110;417;
104;409;
104;406;
107;413;
104;408;
107;413;
104;405;
104;406;
107;413;
107;413;
104;409;
104;405;
104;405;
108;414;
108;414;
103;406;
110;417;
110;417;
110;417;
110;417;
110;417;
110;417;
110;417;
110;417;
110;417;
110;417;
110;417;
106;412;
106;412;
110;417;
106;412;
106;412;
106;412;
106;412;
106;412;
106;412;
106;412;
106;412;
106;412;
106;412;
106;412;
106;412;
106;412;
106;412;
106;412;
106;412;
106;412;
106;412;
106;412;
106;412;
106;412;
109;418;
107;414;
107;414;
107;414;
107;414;
107;414;
107;414;
107;414;
108;416;
108;416;
108;416;
108;416;
108;416;
108;416;
107;414;
108;416;
108;416;
108;416;
108;416;
108;416;
105;410;
105;410;
108;413;
108;416;
105;410;
108;414;
105;410;
107;411;
107;414;
105;410;
107;414;
107;415;
107;415;
105;411;
108;416;
107;414;
107;415;
105;410;
105;410;
108;416;
106;412;
107;413;
109;418;
110;420;
108;414;
108;414;
108;414;
108;414;
108;414;
108;414;
108;414;
107;414;
107;414;
106;412;
106;412;
106;412;
106;412;
106;412;
106;412;
110;420;
106;412;
106;412;
106;412;
106;412;
106;412;
107;414;
107;414;
107;414;
107;414;
106;412;
106;412;
106;412;
107;411;
107;411;
106;412;
106;412;
107;417;
106;412;
106;412;
106;412;
106;412;
106;412;
106;412;
110;420;
108;416;
109;417;
107;414;
103;404;
109;420;
106;413;
106;412;
109;421;
106;412;
111;423;
107;417;
106;412;
109;421;
110;420;
109;421;
107;414;
107;414;
107;414;
107;414;
111;423;
110;419;
107;414;
106;413;
108;416;
108;416;
107;414;
110;420;
108;416;
107;414;
107;414;
108;416;
108;416;
109;418;
109;418;
109;418;
109;418;
109;418;
109;418;
110;421;
109;418;
109;418;
109;418;
109;418;
109;418;
109;418;
109;418;
109;418;
108;417;
108;416;
108;417;
108;417;
108;417;
108;417;
108;417;
108;417;
108;417;
111;421;
112;423;
112;423;
110;421;
110;421;
110;421;
110;421;
110;421;
110;421;
110;421;
110;421;
110;421;
110;421;
110;421;
110;421;
110;421;
110;421;
110;421;
110;421;
110;421;
110;421;
110;421;
110;421;
110;421;
110;421;
110;421;
110;421;
110;421;
110;421;
110;421;
110;421;
110;421;
110;421;
110;421;
110;421;
110;421;
110;421;
110;421;
110;421;
110;421;
110;421;
110;422;
110;421;
110;421;
110;421;
110;421;
110;421;
110;421;
110;421;
110;421;
110;421;
110;421;
110;421;
110;421;
112;424;
110;421;
110;421;
110;421;
110;421;
110;421;
110;421;
110;421;
110;421;
110;421;
110;421;
110;421;
110;421;
110;421;
110;421;
110;421;
110;421;
110;421;
110;421;
110;421;
110;421;
109;420;
110;421;
110;421;
110;421;
110;421;
110;421;
110;421;
110;421;
110;421;
110;421;
110;421;
110;421;
110;421;
110;421;
110;421;
110;421;
110;421;
110;421;
110;421;
110;421;
110;421;
110;421;
110;421;
110;421;
110;421;
110;421;
110;421;
110;421;
110;421;
108;418;
110;421;
110;421;
109;418;
110;421;
110;421;
110;421;
110;421;
110;421;
110;421;
110;421;
110;421;
110;421;
110;421;
109;422;
110;422;
110;421;
110;424;
110;424;
111;423;
109;423;
109;423;
110;424;
110;424;
113;428;
110;421;
111;427;
116;437;
109;423;
109;423;
109;423;
109;423;
110;424;
110;424;
111;424;
110;422;
110;424;
110;424;
110;424;
110;424;
110;424;
110;424;
114;430;
114;430;
114;430;
114;430;
114;430;
114;430;
114;430;
112;425;
110;426;
114;432;
113;428;
112;424;
112;426;
113;426;
112;424;
112;424;
112;424;
113;426;
112;424;
112;424;
111;424;
111;424;
112;424;
112;424;
112;424;
112;424;
112;424;
112;424;
112;424;
112;424;
111;424;
112;424;
111;424;
112;424;
112;424;
112;424;
112;424;
111;424;
112;424;
110;423;
112;424;
112;424;
112;424;
111;424;
112;424;
112;424;
112;424;
112;424;
112;424;
110;422;
112;424;
112;424;
112;424;
112;424;
112;424;
112;424;
112;424;
112;428;
112;428;
112;424;
112;424;
112;426;
112;424;
113;426;
112;424;
112;424;
112;424;
113;427;
113;427;
112;424;
113;427;
113;427;
111;422;
111;422;
113;427;
111;422;
113;427;
111;422;
111;422;
111;422;
111;422;
111;422;
111;422;
111;422;
112;424;
111;422;
112;424;
112;424;
112;424;
112;424;
112;424;
112;424;
112;424;
112;424;
112;424;
112;424;
112;424;
112;424;
112;424;
112;424;
112;424;
112;424;
112;424;
112;424;
112;424;
112;424;
112;424;
112;424;
112;424;
112;424;
112;424;
113;430;
112;424;
112;424;
112;424;
112;424;
112;424;
112;424;
112;424;
112;424;
112;424;
112;424;
112;424;
112;424;
112;424;
112;424;
112;424;
112;424;
112;424;
112;424;
112;424;
113;426;
113;426;
113;426;
112;424;
113;426;
113;426;
113;426;
113;426;
113;426;
113;426;
113;426;
113;426;
113;426;
113;426;
113;426;
113;426;
113;426;
113;426;
113;426;
113;426;
113;426;
113;426;
113;426;
113;426;
113;426;
113;426;
113;426;
113;426;
113;426;
113;426;
113;426;
113;426;
113;426;
113;426;
113;426;
113;426;
113;426;
113;426;
113;426;
113;426;
113;426;
113;426;
113;426;
113;426;
113;426;
113;426;
113;426;
113;426;
113;426;
113;426;
113;426;
113;426;
113;426;
113;426;
113;426;
113;426;
113;426;
113;426;
113;426;
113;426;
113;426;
113;426;
113;426;
113;426;
113;426;
113;426;
113;426;
113;426;
113;426;
113;426;
113;426;
113;426;
113;426;
113;426;
113;426;
113;426;
113;426;
113;426;
113;426;
113;426;
113;426;
113;426;
113;426;
113;426;
113;426;
113;426;
113;426;
113;426;
113;426;
113;426;
113;426;
113;426;
113;426;
113;426;
113;426;
113;426;
113;426;
113;426;
113;426;
113;426;
113;426;
113;426;
113;426;
113;426;
113;426;
113;426;
113;426;
113;426;
113;426;
113;426;
113;426;
114;428;
114;428;
114;428;
114;428;
115;431;
114;428;
113;426;
113;426;
113;426;
113;426;
115;431;
115;431;
115;430;
115;430;
115;430;
113;426;
113;426;
115;430;
115;430;
115;430;
115;430;
115;430;
115;430;
115;430;
113;426;
115;430;
113;426;
113;426;
113;426;
113;426;
113;426;
113;426;
113;426;
113;426;
113;426;
113;426;
113;426;
113;426;
113;426;
114;429;
113;426;
113;426;
113;426;
113;426;
113;426;
113;426;
113;426;
113;426;
113;426;
113;426;
113;426;
113;426;
113;426;
113;426;
113;426;
113;426;
113;426;
113;426;
113;426;
113;426;
113;426;
113;426;
113;426;
113;426;
113;426;
113;426;
113;426;
113;426;
113;426;
113;427;
113;426;
113;426;
113;427;
113;427;
113;427;
113;427;
113;427;
113;427;
113;427;
113;427;
113;427;
113;427;
113;427;
113;427;
113;427;
113;427;
113;427;
113;427;
113;427;
113;427;
113;427;
113;427;
113;427;
113;427;
113;427;
113;427;
113;427;
113;427;
113;427;
113;427;
113;427;
113;427;
113;427;
113;427;
113;427;
113;427;
113;427;
113;427;
113;427;
113;427;
113;427;
113;427;
113;427;
113;427;
113;427;
113;427;
113;427;
113;427;
113;427;
113;427;
114;429;
114;429;
114;429;
114;429;
114;429;
114;429;
114;429;
114;429;
114;429;
114;429;
114;429;
114;429;
114;429;
114;429;
115;430;
115;430;
115;430;
113;427;
113;427;
113;427;
115;430;
113;427;
113;427;
113;427;
113;427;
113;427;
113;427;
113;427;
113;427;
113;427;
113;427;
113;427;
113;427;
113;427;
113;427;
113;427;
113;427;
113;427;
113;427;
113;427;
113;427;
113;427;
113;427;
113;427;
113;427;
113;427;
113;427;
113;427;
113;427;
113;427;
113;427;
113;427;
113;427;
113;427;
113;427;
113;427;
113;427;
113;427;
113;427;
113;427;
113;427;
113;427;
113;427;
113;427;
113;427;
113;427;
113;427;
113;427;
113;427;
113;427;
113;427;
113;427;
113;427;
113;427;
113;427;
113;427;
113;427;
113;427;
113;427;
113;427;
113;427;
113;427;
113;427;
113;427;
113;427;
113;427;
113;427;
113;427;
113;427;
113;427;
113;427;
113;427;
113;427;
113;427;
113;427;
113;427;
113;427;
113;427;
113;427;
113;427;
113;427;
113;427;
113;427;
113;427;
113;427;
113;427;
113;427;
113;427;
113;427;
113;427;
113;427;
113;427;
113;427;
113;427;
113;427;
113;427;
113;427;
113;427;
113;427;
113;427;
115;431;
115;431;
113;427;
113;427;
113;427;
116;433;
116;433;
116;433;
116;433;
116;433;
116;433;
116;433;
116;433;
116;433;
116;433;
116;433;
116;433;
116;433;
116;433;
116;433;
116;433;
116;433;
116;433;
116;433;
116;433;
116;433;
116;433;
116;433;
116;433;
116;433;
116;433;
116;433;
116;433;
116;433;
116;433;
116;433;
116;433;
116;433;
116;433;
116;433;
116;433;
116;433;
116;433;
116;433;
116;433;
116;433;
117;435;
116;433;
116;433;
116;433;
116;433;
116;433;
117;435;
117;435;
117;435;
117;435;
114;432;
117;435;
117;435;
117;435;
114;431;
117;435;
117;435;
114;431;
114;431;
117;435;
117;435;
117;435;
117;435;
116;434;
117;435;
117;435;
117;435;
117;435;
117;435;
117;435;
118;437;
118;437;
118;437;
118;437;
118;437;
118;437;
116;434;
116;434;
116;434;
116;434;
116;434;
116;434;
116;434;
116;434;
116;434;
116;434;
116;434;
116;434;
116;434;
116;434;
116;434;
116;434;
116;434;
116;434;
116;433;
116;434;
116;433;
116;433;
116;433;
116;433;
116;433;
116;433;
116;433;
116;433;
116;433;
116;433;
116;434;
116;433;
116;433;
116;433;
116;433;
116;433;
116;433;
116;433;
116;433;
116;433;
116;433;
116;433;
116;433;
116;433;
116;433;
116;433;
116;433;
116;433;
116;434;
116;433;
116;433;
116;434;
116;434;
116;433;
116;433;
116;433;
116;433;
116;433;
116;433;
116;433;
116;433;
116;433;
116;433;
116;433;
116;433;
116;433;
116;433;
116;433;
116;433;
116;433;
116;433;
116;433;
116;433;
116;433;
116;433;
116;433;
116;433;
116;433;
116;433;
116;433;
116;433;
116;433;
116;433;
116;433;
116;433;
116;433;
116;433;
116;433;
116;433;
116;433;
116;433;
116;433;
116;433;
116;433;
116;433;
116;435;
116;435;
116;433;
116;433;
116;433;
116;435;
116;433;
116;433;
116;433;
116;433;
116;433;
116;433;
116;433;
116;433;
116;433;
116;433;
116;433;
116;433;
116;433;
116;433;
116;433;
116;433;
116;433;
116;433;
116;433;
116;433;
116;433;
116;433;
116;433;
116;433;
116;433;
116;433;
116;433;
116;433;
116;433;
116;433;
116;433;
116;433;
116;433;
116;433;
116;433;
116;433;
116;433;
116;433;
116;433;
116;433;
116;433;
116;433;
116;433;
116;433;
117;435;
116;433;
116;433;
117;437;
117;437;
116;433;
118;439;
116;433;
116;433;
116;433;
116;433;
116;433;
116;433;
116;433;
116;433;
116;433;
116;433;
116;433;
116;433;
116;433;
116;433;
116;433;
116;433;
116;433;
116;433;
116;433;
116;433;
116;433;
116;433;
116;433;
116;433;
116;433;
116;433;
116;433;
116;433;
116;433;
117;437;
117;437;
116;433;
116;433;
116;433;
116;433;
117;437;
118;440;
117;437;
117;437;
117;437;
117;437;
117;437;
117;437;
117;437;
120;443;
117;437;
117;437;
117;437;
117;437;
117;437;
117;437;
117;437;
117;437;
117;437;
117;437;
117;437;
117;437;
117;437;
117;437;
117;437;
117;437;
117;437;
117;437;
117;437;
117;437;
117;437;
117;437;
117;437;
117;437;
117;437;
117;437;
117;437;
117;437;
117;437;
117;437;
117;437;
117;437;
117;437;
117;437;
117;437;
117;437;
117;437;
117;437;
117;437;
117;437;
119;441;
119;441;
120;444;
120;444;
120;444;
117;437;
120;444;
120;444;
117;437;
120;444;
117;437;
120;444;
120;444;
120;444;
121;445;
121;445;
120;444;
120;444;
120;444;
120;444;
120;444;
120;444;
120;444;
120;444;
120;444;
120;444;
120;444;
120;444;
120;444;
120;444;
120;444;
120;444;
120;444;
120;444;
120;444;
120;444;
120;444;
120;444;
120;444;
120;444;
120;444;
120;444;
120;444;
120;444;
120;444;
120;444;
120;444;
121;446;
120;444;
120;444;
120;444;
120;444;
120;444;
121;446;
121;446;
121;446;
121;446;
120;444;
121;446;
120;444;
120;445;
120;444;
120;444;
120;444;
120;444;
120;444;
120;444;
120;444;
120;444;
120;444;
120;444;
120;444;
120;444;
120;444;
120;444;
120;444;
120;444;
121;446;
121;446;
122;448;
122;448;
122;448;
122;448;
122;448;
122;448;
122;448;
122;448;
122;448;
122;448;
121;446;
122;448;
122;448;
122;448;
122;448;
123;450;
122;448;
122;448;
122;448;
122;448;
122;448;
122;448;
121;446;
121;446;
121;446;
121;446;
121;446;
121;446;
121;446;
121;446;
121;446;
121;446;
121;446;
121;446;
121;446;
121;446;
121;446;
121;446;
121;446;
121;446;
121;446;
121;446;
121;445;
121;446;
121;446;
121;446;
121;446;
121;446;
121;446;
121;446;
121;446;
121;446;
121;446;
121;446;
121;446;
121;446;
121;446;
121;446;
121;446;
121;446;
121;446;
121;446;
121;446;
121;446;
121;446;
121;446;
121;446;
121;446;
121;446;
121;446;
121;446;
121;446;
121;446;
121;446;
121;446;
121;446;
121;446;
121;446;
121;446;
121;446;
121;446;
121;446;
121;446;
121;446;
121;446;
121;446;
121;446;
121;446;
121;446;
121;446;
121;446;
121;446;
121;446;
121;446;
121;446;
121;446;
121;446;
121;446;
121;446;
121;446;
121;446;
121;446;
121;446;
121;446;
121;446;
121;446;
121;446;
121;446;
121;446;
121;446;
121;446;
121;446;
121;446;
121;446;
121;446;
121;446;
121;446;
121;446;
121;446;
121;446;
121;446;
121;446;
121;446;
121;446;
121;446;
121;446;
121;446;
121;446;
121;446;
121;446;
121;446;
121;446;
121;446;
121;446;
121;446;
121;446;
121;446;
121;446;
121;446;
121;446;
121;446;
121;446;
121;446;
121;446;
121;446;
121;446;
121;446;
121;446;
121;446;
121;446;
121;446;
121;446;
121;446;
121;446;
121;446;
121;446;
121;446;
121;446;
122;448;
121;446;
121;446;
122;448;
121;446;
121;446;
121;446;
121;446;
121;446;
121;446;
121;446;
121;446;
121;446;
121;446;
121;446;
121;446;
121;446;
121;446;
121;446;
121;446;
121;446;
121;446;
121;446;
121;446;
121;446;
121;446;
121;446;
121;446;
121;446;
121;446;
121;446;
121;446;
121;446;
121;446;
121;446;
121;446;
121;446;
121;446;
121;446;
121;446;
121;446;
121;447;
121;447;
121;447;
121;447;
121;447;
121;447;
121;447;
121;447;
121;447;
121;447;
121;447;
121;447;
121;447;
121;447;
121;447;
121;447;
121;447;
121;447;
128;462;
121;447;
121;447;
121;447;
121;447;
121;447;
121;447;
121;447;
121;447;
121;447;
121;447;
121;447;
121;447;
121;447;
121;447;
121;447;
121;447;
121;447;
121;447;
121;447;
121;447;
121;447;
121;447;
121;447;
121;447;
121;447;
121;447;
121;447;
121;447;
121;447;
121;447;
121;447;
121;447;
121;447;
121;447;
121;447;
121;447;
121;447;
121;447;
121;447;
121;447;
121;447;
121;447;
121;447;
121;447;
121;447;
121;447;
121;447;
121;447;
121;447;
121;447;
121;447;
121;447;
121;447;
121;447;
121;447;
121;447;
121;447;
121;447;
121;447;
121;447;
121;447;
121;447;
121;447;
121;447;
121;447;
121;447;
121;447;
121;447;
121;447;
121;447;
121;447;
121;447;
121;447;
121;447;
121;447;
121;447;
121;447;
121;447;
121;447;
121;447;
121;447;
121;447;
121;447;
121;447;
121;447;
121;447;
121;447;
121;447;
121;447;
121;447;
121;447;
121;447;
121;447;
121;447;
121;447;
121;447;
121;447;
121;448;
121;447;
121;448;
121;448;
121;447;
121;447;
121;447;
121;447;
121;447;
121;447;
121;447;
121;447;
121;447;
121;447;
121;447;
121;447;
121;447;
121;447;
121;447;
121;447;
121;447;
121;447;
121;447;
121;447;
121;447;
121;447;
121;447;
121;447;
121;447;
121;447;
122;449;
122;449;
122;449;
122;449;
122;449;
122;449;
122;449;
122;449;
122;449;
122;449;
122;449;
122;449;
122;449;
122;449;
122;449;
122;449;
122;450;
122;449;
122;449;
122;449;
122;449;
122;449;
122;449;
122;449;
122;449;
122;449;
122;449;
122;449;
122;449;
122;449;
122;449;
122;449;
122;449;
122;449;
122;449;
122;449;
122;449;
122;449;
122;449;
122;449;
122;449;
122;449;
122;449;
122;449;
122;449;
122;449;
122;449;
122;449;
122;449;
126;458;
126;458;
126;458;
126;458;
126;458;
126;458;
126;458;
126;458;
126;458;
126;458;
126;459;
126;458;
126;458;
126;458;
126;459;
126;458;
126;458;
126;458;
126;458;
126;458;
126;458;
126;458;
126;458;
126;458;
126;458;
126;458;
126;458;
126;458;
126;458;
126;458;
126;458;
126;458;
126;458;
126;458;
126;458;
126;458;
126;458;
126;458;
126;458;
126;458;
126;458;
126;458;
126;458;
126;458;
126;458;
126;458;
126;458;
126;458;
126;458;
126;458;
126;458;
126;458;
126;458;
126;458;
126;458;
126;458;
126;458;
126;458;
126;458;
126;458;
126;458;
126;458;
126;458;
126;458;
126;458;
126;458;
126;458;
126;458;
126;458;
126;458;
126;458;
126;458;
126;458;
126;458;
126;458;
126;458;
126;458;
126;458;
126;458;
126;458;
126;458;
126;458;
126;458;
126;458;
126;458;
126;458;
126;458;
126;458;
126;458;
126;458;
126;458;
126;458;
126;458;
126;458;
126;458;
126;458;
126;458;
126;458;
126;458;
126;458;
126;458;
126;458;
126;458;
126;458;
126;458;
126;458;
126;458;
126;458;
126;458;
126;458;
126;458;
126;458;
126;458;
126;458;
126;458;
126;458;
126;458;
126;458;
126;458;
126;458;
127;460;
127;460;
126;458;
126;458;
126;458;
126;458;
126;458;
126;458;
126;458;
126;458;
126;458;
126;458;
126;458;
126;458;
126;458;
126;458;
126;458;
126;458;
126;458;
126;458;
126;458;
126;458;
126;458;
126;458;
126;458;
126;458;
126;458;
126;458;
126;458;
126;458;
126;458;
126;458;
126;458;
126;458;
126;458;
126;458;
126;458;
126;458;
126;458;
126;458;
127;460;
126;458;
126;458;
127;460;
127;460;
127;460;
127;460;
127;460;
127;460;
127;460;
127;460;
127;460;
127;460;
127;460;
127;460;
127;460;
127;460;
127;460;
127;460;
127;460;
127;460;
127;460;
127;460;
127;460;
127;460;
127;460;
127;460;
127;460;
127;460;
127;460;
127;460;
127;460;
127;460;
127;460;
127;460;
127;460;
127;460;
127;460;
127;460;
127;460;
127;460;
127;460;
127;460;
127;460;
127;460;
127;460;
127;460;
127;460;
127;460;
127;460;
127;460;
127;460;
127;460;
127;460;
127;460;
127;460;
127;460;
127;460;
127;460;
127;460;
127;460;
127;460;
127;460;
127;460;
127;460;
127;460;
127;460;
127;460;
127;460;
127;460;
127;460;
127;460;
127;460;
127;460;
127;460;
127;460;
127;460;
127;460;
127;460;
127;460;
127;460;
127;460;
127;460;
127;460;
127;460;
127;460;
127;460;
127;460;
127;460;
127;460;
127;460;
127;460;
127;460;
127;460;
127;460;
127;460;
127;460;
127;460;
127;460;
127;460;
127;460;
127;460;
127;460;
127;460;
127;460;
127;460;
127;460;
127;460;
127;460;
127;460;
127;460;
127;460;
127;460;
127;460;
127;460;
127;460;
127;460;
127;460;
127;460;
127;460;
127;460;
127;460;
127;460;
127;460;
127;460;
127;460;
127;460;
127;460;
127;460;
127;460;
127;460;
127;460;
127;460;
127;460;
127;460;
127;460;
127;460;
127;460;
127;460;
127;460;
127;460;
127;460;
127;460;
127;460;
127;460;
127;460;
127;460;
127;460;
127;460;
127;460;
127;460;
127;460;
127;460;
127;460;
127;460;
127;460;
127;460;
127;460;
127;460;
127;460;
127;460;
127;460;
127;460;
127;460;
127;460;
127;460;
127;460;
127;460;
127;460;
127;460;
127;460;
127;460;
127;460;
127;460;
127;460;
127;460;
128;462;
127;460;
127;460;
127;460;
127;460;
127;460;
127;460;
127;460;
127;460;
127;460;
127;460;
127;460;
127;460;
127;460;
127;460;
127;460;
127;460;
127;460;
127;460;
127;460;
127;460;
127;460;
127;460;
127;460;
127;460;
127;460;
127;460;
127;460;
127;460;
127;460;
127;460;
127;460;
127;460;
127;460;
127;460;
127;460;
127;460;
127;460;
127;460;
127;460;
127;460;
127;460;
127;460;
127;460;
127;460;
127;460;
127;460;
128;462;
127;460;
127;460;
127;460;
127;460;
127;460;
127;460;
127;460;
127;460;
127;460;
127;460;
127;460;
127;460;
127;460;
127;460;
127;460;
127;460;
127;460;
127;460;
127;460;
127;460;
127;460;
127;460;
127;460;
127;460;
127;460;
127;460;
127;460;
127;460;
127;460;
128;462;
128;462;
128;462;
128;462;
128;462;
128;462;
128;462;
128;462;
128;462;
128;462;
128;462;
128;462;
128;462;
128;462;
128;462;
128;462;
128;462;
128;462;
128;462;
128;462;
128;462;
128;462;
128;462;
128;462;
128;462;
128;462;
129;464;
129;464;
129;464;
129;464;

